Index,deltaP,deltaT,deltaLowFreqP,deltaSeasonality,Temp,Precip,Scenario
1,-0.1,0,0,0,no change,dry1,1
6,-0.05,0,0,0,no change,dry2,2
11,0,0,0,0,no change,no change,3
16,0.05,0,0,0,no change,wet1,4
21,0.1,0,0,0,no change,wet2,5
2,-0.1,0.5,0,0,warm1,dry1,6
7,-0.05,0.5,0,0,warm1,dry2,7
12,0,0.5,0,0,warm1,no change,8
17,0.05,0.5,0,0,warm1,wet1,9
22,0.1,0.5,0,0,warm1,wet2,10
3,-0.1,1,0,0,warm2,dry1,11
8,-0.05,1,0,0,warm2,dry2,12
13,0,1,0,0,warm2,no change,13
18,0.05,1,0,0,warm2,wet1,14
23,0.1,1,0,0,warm2,wet2,15
4,-0.1,1.5,0,0,warm3,dry1,16
9,-0.05,1.5,0,0,warm3,dry2,17
14,0,1.5,0,0,warm3,no change,18
19,0.05,1.5,0,0,warm3,wet1,19
24,0.1,1.5,0,0,warm3,wet2,20
5,-0.1,2,0,0,warm4,dry1,21
10,-0.05,2,0,0,warm4,dry2,22
15,0,2,0,0,warm4,no change,23
20,0.05,2,0,0,warm4,wet1,24
25,0.1,2,0,0,warm4,wet2,25