"","FuturePresAbs","Scenario2","VariableHuman","meanVal","seVal","maxVal","minVal","Mean_std"
"1","Presence","Baseline","Dry Season Baseflow",0.05,0,0.383289157424575,-0.524284406315286,"0.05  +/-  0"
"2","Presence","Baseline","Elevation",162.76,9.19,1344.96948242188,6.41876459121704,"162.76  +/-  9.19"
"3","Presence","Baseline","Fall Pulse",0.2,0.02,2.26405897204289,-1.15278692118566,"0.2  +/-  0.02"
"4","Presence","Baseline","Largest Annual Storm",-17.45,1.16,9.58622190240711,-92.1504969164904,"-17.45  +/-  1.16"
"5","Presence","Baseline","Peak Flow: 10-Year Flood",-31.7,2.67,147.288022073315,-201.511558601105,"-31.7  +/-  2.67"
"6","Presence","Baseline","Peak Flow: 2-Year Flood",-11.68,0.77,38.3282960118919,-66.9980922553089,"-11.68  +/-  0.77"
"7","Presence","Baseline","Spring Recession",6.52,0.18,29.6904778170943,2.03756839441092,"6.52  +/-  0.18"
"8","Presence","Baseline","Wet Season Baseflow (Low)",-0.01,0,0.492464972091935,-0.361403660459726,"-0.01  +/-  0"
"9","Presence","Baseline","Wet Season Baseflow (Med)",0.01,0.01,1.38689756538648,-0.831294521317217,"0.01  +/-  0.01"
"10","Presence","Increased Precipitation Only","Dry Season Baseflow",0.06,0.01,0.377649232098967,-0.523710120064869,"0.06  +/-  0.01"
"11","Presence","Increased Precipitation Only","Elevation",114.9,6.63,1261.46618652344,6.41876459121704,"114.9  +/-  6.63"
"12","Presence","Increased Precipitation Only","Fall Pulse",0.31,0.02,2.1396438607682,-1.05594095582903,"0.31  +/-  0.02"
"13","Presence","Increased Precipitation Only","Largest Annual Storm",-22.36,1.41,11.3944529281171,-92.0090040448986,"-22.36  +/-  1.41"
"14","Presence","Increased Precipitation Only","Peak Flow: 10-Year Flood",-41.41,3.24,148.06833920589,-200.238796380669,"-41.41  +/-  3.24"
"15","Presence","Increased Precipitation Only","Peak Flow: 2-Year Flood",-14.03,0.9,38.1834704077869,-65.9811868584531,"-14.03  +/-  0.9"
"16","Presence","Increased Precipitation Only","Spring Recession",8.75,0.24,33.088050163654,2.42237467295744,"8.75  +/-  0.24"
"17","Presence","Increased Precipitation Only","Wet Season Baseflow (Low)",0,0,0.529047175149434,-0.363913860217284,"0  +/-  0"
"18","Presence","Increased Precipitation Only","Wet Season Baseflow (Med)",0.01,0.02,1.50703296373667,-0.887858878113218,"0.01  +/-  0.02"
"19","Presence","Increased Seasonality","Dry Season Baseflow",0.09,0.01,0.388521200132535,-0.52247426336184,"0.09  +/-  0.01"
"20","Presence","Increased Seasonality","Elevation",93.78,5.3,1261.46618652344,5.54021596908569,"93.78  +/-  5.3"
"21","Presence","Increased Seasonality","Fall Pulse",0.31,0.02,2.39161310188756,-1.06959883284826,"0.31  +/-  0.02"
"22","Presence","Increased Seasonality","Largest Annual Storm",-28.2,1.58,11.180942748508,-91.8735875352152,"-28.2  +/-  1.58"
"23","Presence","Increased Seasonality","Peak Flow: 10-Year Flood",-52.55,3.65,148.427454226053,-200.380572794409,"-52.55  +/-  3.65"
"24","Presence","Increased Seasonality","Peak Flow: 2-Year Flood",-16.94,1,38.3618846258896,-66.1836986827856,"-16.94  +/-  1"
"25","Presence","Increased Seasonality","Spring Recession",12.04,0.29,31.8295956617686,3.83050790411693,"12.04  +/-  0.29"
"26","Presence","Increased Seasonality","Wet Season Baseflow (Low)",0.02,0,0.529713098261016,-0.252319268132321,"0.02  +/-  0"
"27","Presence","Increased Seasonality","Wet Season Baseflow (Med)",0.1,0.02,1.51272879659048,-0.777000578058208,"0.1  +/-  0.02"
"28","Presence","Increased Temperature Only","Dry Season Baseflow",0.18,0.01,0.541494117644947,-0.529428944406394,"0.18  +/-  0.01"
"29","Presence","Increased Temperature Only","Elevation",149.63,11.4,1261.46618652344,5.54021596908569,"149.63  +/-  11.4"
"30","Presence","Increased Temperature Only","Fall Pulse",0.86,0.05,17.385591217808,-0.423516631727003,"0.86  +/-  0.05"
"31","Presence","Increased Temperature Only","Largest Annual Storm",-30.19,1.71,24.2935611188763,-87.9252593144043,"-30.19  +/-  1.71"
"32","Presence","Increased Temperature Only","Peak Flow: 10-Year Flood",-60.91,4.14,207.434778646985,-201.967156356314,"-60.91  +/-  4.14"
"33","Presence","Increased Temperature Only","Peak Flow: 2-Year Flood",-17.79,1.15,47.2089696398193,-66.5947567565704,"-17.79  +/-  1.15"
"34","Presence","Increased Temperature Only","Spring Recession",18.16,0.58,41.2427009853393,2.22122502767606,"18.16  +/-  0.58"
"35","Presence","Increased Temperature Only","Wet Season Baseflow (Low)",0.05,0.01,0.582050358655106,-0.214705190934692,"0.05  +/-  0.01"
"36","Presence","Increased Temperature Only","Wet Season Baseflow (Med)",0.16,0.02,2.08466468542151,-0.800437765413253,"0.16  +/-  0.02"
"37","Presence","Large Perturbations","Dry Season Baseflow",0.19,0.01,0.53917653840333,-0.521457333806595,"0.19  +/-  0.01"
"38","Presence","Large Perturbations","Elevation",139.67,10.79,1261.46618652344,4.22355031967163,"139.67  +/-  10.79"
"39","Presence","Large Perturbations","Fall Pulse",0.61,0.05,17.8221009585295,-0.753522567261831,"0.61  +/-  0.05"
"40","Presence","Large Perturbations","Largest Annual Storm",-34.01,1.75,24.1072699389063,-101.210374427781,"-34.01  +/-  1.75"
"41","Presence","Large Perturbations","Peak Flow: 10-Year Flood",-65.97,4.03,207.965391438487,-202.794872016713,"-65.97  +/-  4.03"
"42","Presence","Large Perturbations","Peak Flow: 2-Year Flood",-18.71,1.14,47.0246502892381,-66.601020153617,"-18.71  +/-  1.14"
"43","Presence","Large Perturbations","Spring Recession",18.06,0.54,42.3144237631051,3.31583305564942,"18.06  +/-  0.54"
"44","Presence","Large Perturbations","Wet Season Baseflow (Low)",0.06,0.01,0.783658853493811,-0.220224879949757,"0.06  +/-  0.01"
"45","Presence","Large Perturbations","Wet Season Baseflow (Med)",0.2,0.02,2.68582708917057,-0.72395481822111,"0.2  +/-  0.02"
"46","Presence","Reduced Precipitation Only","Dry Season Baseflow",0.04,0,0.392766583171229,-0.66249901357416,"0.04  +/-  0"
"47","Presence","Reduced Precipitation Only","Elevation",197.36,10.64,1261.46618652344,6.41876459121704,"197.36  +/-  10.64"
"48","Presence","Reduced Precipitation Only","Fall Pulse",-0.02,0.02,1.76789784737135,-1.51966677445883,"-0.02  +/-  0.02"
"49","Presence","Reduced Precipitation Only","Largest Annual Storm",-15.63,1.12,9.23837070194151,-92.7007483905615,"-15.63  +/-  1.12"
"50","Presence","Reduced Precipitation Only","Peak Flow: 10-Year Flood",-27.09,2.6,145.270776626463,-200.838359986113,"-27.09  +/-  2.6"
"51","Presence","Reduced Precipitation Only","Peak Flow: 2-Year Flood",-10.21,0.74,37.9085639874162,-66.9164423749541,"-10.21  +/-  0.74"
"52","Presence","Reduced Precipitation Only","Spring Recession",4.9,0.14,29.0373313814575,0.752960541306962,"4.9  +/-  0.14"
"53","Presence","Reduced Precipitation Only","Wet Season Baseflow (Low)",-0.02,0,0.463074850567725,-0.359759922081997,"-0.02  +/-  0"
"54","Presence","Reduced Precipitation Only","Wet Season Baseflow (Med)",0,0.01,1.29778640035778,-0.838658057397002,"0  +/-  0.01"
"55","Presence","Small Perturbations","Dry Season Baseflow",0.1,0.01,0.395734156465669,-0.514862477913419,"0.1  +/-  0.01"
"56","Presence","Small Perturbations","Elevation",140.16,8.98,1265.70690917969,5.54021596908569,"140.16  +/-  8.98"
"57","Presence","Small Perturbations","Fall Pulse",0.32,0.02,3.98792341500785,-0.914813349851937,"0.32  +/-  0.02"
"58","Presence","Small Perturbations","Largest Annual Storm",-26.67,1.53,10.4686540652328,-92.3680772621549,"-26.67  +/-  1.53"
"59","Presence","Small Perturbations","Peak Flow: 10-Year Flood",-52.18,3.51,146.048940932592,-202.419672625108,"-52.18  +/-  3.51"
"60","Presence","Small Perturbations","Peak Flow: 2-Year Flood",-16.37,0.97,38.167313768627,-66.8686289631051,"-16.37  +/-  0.97"
"61","Presence","Small Perturbations","Spring Recession",11.04,0.35,36.1088935800083,2.72129228286967,"11.04  +/-  0.35"
"62","Presence","Small Perturbations","Wet Season Baseflow (Low)",0.01,0,0.502244514662273,-0.250437334358682,"0.01  +/-  0"
"63","Presence","Small Perturbations","Wet Season Baseflow (Med)",0.07,0.02,1.48345541703843,-0.810786500887513,"0.07  +/-  0.02"
"64","Absence","Baseline","Dry Season Baseflow",0.04,0,2.54277922942231,-0.690434730785081,"0.04  +/-  0"
"65","Absence","Baseline","Elevation",457.87,3.03,1701.23181152344,-0.138114377856255,"457.87  +/-  3.03"
"66","Absence","Baseline","Fall Pulse",0.75,0.01,16.2634658234238,-5.8658469711388,"0.75  +/-  0.01"
"67","Absence","Baseline","Largest Annual Storm",-3.43,0.11,26.1561277102128,-100.089411216618,"-3.43  +/-  0.11"
"68","Absence","Baseline","Peak Flow: 10-Year Flood",0.15,0.32,307.776049863938,-206.860557585558,"0.15  +/-  0.32"
"69","Absence","Baseline","Peak Flow: 2-Year Flood",-1.27,0.1,65.9199424196703,-72.6189777578068,"-1.27  +/-  0.1"
"70","Absence","Baseline","Spring Recession",5.88,0.03,51.2099314668441,-0.9995634596353,"5.88  +/-  0.03"
"71","Absence","Baseline","Wet Season Baseflow (Low)",0.07,0,1.05230359251591,-0.574401226949558,"0.07  +/-  0"
"72","Absence","Baseline","Wet Season Baseflow (Med)",0.3,0,8.96268482447378,-0.852537683545785,"0.3  +/-  0"
"73","Absence","Increased Precipitation Only","Dry Season Baseflow",0.05,0,2.53407107084889,-0.690592603074261,"0.05  +/-  0"
"74","Absence","Increased Precipitation Only","Elevation",457.81,3.02,1701.23181152344,-0.138114377856255,"457.81  +/-  3.02"
"75","Absence","Increased Precipitation Only","Fall Pulse",1.02,0.01,16.0092412526533,-6.06025664865561,"1.02  +/-  0.01"
"76","Absence","Increased Precipitation Only","Largest Annual Storm",-3.2,0.11,33.0798223816818,-97.5403519565595,"-3.2  +/-  0.11"
"77","Absence","Increased Precipitation Only","Peak Flow: 10-Year Flood",0.35,0.32,307.353018837968,-206.372231281396,"0.35  +/-  0.32"
"78","Absence","Increased Precipitation Only","Peak Flow: 2-Year Flood",-1.22,0.1,65.9295778968665,-73.6299219967876,"-1.22  +/-  0.1"
"79","Absence","Increased Precipitation Only","Spring Recession",7.41,0.03,58.849866032753,-0.388592323343857,"7.41  +/-  0.03"
"80","Absence","Increased Precipitation Only","Wet Season Baseflow (Low)",0.09,0,1.10864469402187,-0.5416640919614,"0.09  +/-  0"
"81","Absence","Increased Precipitation Only","Wet Season Baseflow (Med)",0.37,0,9.02098256334732,-0.957187186917349,"0.37  +/-  0"
"82","Absence","Increased Seasonality","Dry Season Baseflow",0.06,0,2.46734921834579,-0.683319441716549,"0.06  +/-  0"
"83","Absence","Increased Seasonality","Elevation",457.8,3.02,1701.23181152344,-0.138114377856255,"457.8  +/-  3.02"
"84","Absence","Increased Seasonality","Fall Pulse",1,0.01,16.5136236734077,-5.8874279149271,"1  +/-  0.01"
"85","Absence","Increased Seasonality","Largest Annual Storm",-3.26,0.11,29.5002665132843,-101.584548912433,"-3.26  +/-  0.11"
"86","Absence","Increased Seasonality","Peak Flow: 10-Year Flood",0.63,0.31,306.773266855807,-206.36892250622,"0.63  +/-  0.31"
"87","Absence","Increased Seasonality","Peak Flow: 2-Year Flood",-1.15,0.1,65.391820379742,-72.6902293801122,"-1.15  +/-  0.1"
"88","Absence","Increased Seasonality","Spring Recession",8.82,0.03,57.633334187874,-0.310623391251416,"8.82  +/-  0.03"
"89","Absence","Increased Seasonality","Wet Season Baseflow (Low)",0.11,0,1.25882542744887,-0.51421168161188,"0.11  +/-  0"
"90","Absence","Increased Seasonality","Wet Season Baseflow (Med)",0.43,0,8.60268850520226,-0.777000578058208,"0.43  +/-  0"
"91","Absence","Increased Temperature Only","Dry Season Baseflow",0.05,0,2.55074372310409,-0.695149672468598,"0.05  +/-  0"
"92","Absence","Increased Temperature Only","Elevation",454.89,3.01,1701.23181152344,-0.138114377856255,"454.89  +/-  3.01"
"93","Absence","Increased Temperature Only","Fall Pulse",1.51,0.01,18.8573466994673,-4.58585842388941,"1.51  +/-  0.01"
"94","Absence","Increased Temperature Only","Largest Annual Storm",-2.68,0.1,41.6966416146907,-96.4878653664498,"-2.68  +/-  0.1"
"95","Absence","Increased Temperature Only","Peak Flow: 10-Year Flood",0.53,0.31,306.156982260115,-207.765870716891,"0.53  +/-  0.31"
"96","Absence","Increased Temperature Only","Peak Flow: 2-Year Flood",-0.43,0.1,66.0748751977567,-71.8812737175816,"-0.43  +/-  0.1"
"97","Absence","Increased Temperature Only","Spring Recession",9.41,0.04,70.5300529592831,0.43490367180979,"9.41  +/-  0.04"
"98","Absence","Increased Temperature Only","Wet Season Baseflow (Low)",0.1,0,1.00649450916457,-0.513239151346893,"0.1  +/-  0"
"99","Absence","Increased Temperature Only","Wet Season Baseflow (Med)",0.45,0,9.28450432766768,-0.83309988940566,"0.45  +/-  0"
"100","Absence","Large Perturbations","Dry Season Baseflow",0.06,0,2.43806480155951,-0.70439852350636,"0.06  +/-  0"
"101","Absence","Large Perturbations","Elevation",455.56,3.01,1701.23181152344,-0.138114377856255,"455.56  +/-  3.01"
"102","Absence","Large Perturbations","Fall Pulse",1.32,0.01,19.2978638338991,-4.71339038543704,"1.32  +/-  0.01"
"103","Absence","Large Perturbations","Largest Annual Storm",-2.94,0.1,40.3424000432296,-101.210374427781,"-2.94  +/-  0.1"
"104","Absence","Large Perturbations","Peak Flow: 10-Year Flood",0.02,0.3,305.134507114659,-208.220428312962,"0.02  +/-  0.3"
"105","Absence","Large Perturbations","Peak Flow: 2-Year Flood",-0.45,0.1,66.1817713157764,-71.9771765852892,"-0.45  +/-  0.1"
"106","Absence","Large Perturbations","Spring Recession",9.77,0.04,74.6200432769829,0.0419983099159511,"9.77  +/-  0.04"
"107","Absence","Large Perturbations","Wet Season Baseflow (Low)",0.1,0,0.957630999244917,-0.505927443120481,"0.1  +/-  0"
"108","Absence","Large Perturbations","Wet Season Baseflow (Med)",0.5,0,9.57587076144602,-0.72395481822111,"0.5  +/-  0"
"109","Absence","Reduced Precipitation Only","Dry Season Baseflow",0.04,0,2.58922218311582,-0.691287715450684,"0.04  +/-  0"
"110","Absence","Reduced Precipitation Only","Elevation",456.08,3.03,1701.23181152344,-0.138114377856255,"456.08  +/-  3.03"
"111","Absence","Reduced Precipitation Only","Fall Pulse",0.49,0.01,17.1872326043946,-6.33738406616853,"0.49  +/-  0.01"
"112","Absence","Reduced Precipitation Only","Largest Annual Storm",-3.81,0.12,24.562751700756,-101.298258048288,"-3.81  +/-  0.12"
"113","Absence","Reduced Precipitation Only","Peak Flow: 10-Year Flood",-0.74,0.33,305.487652617691,-207.345584888226,"-0.74  +/-  0.33"
"114","Absence","Reduced Precipitation Only","Peak Flow: 2-Year Flood",-1.45,0.1,65.5723838222201,-73.0741032221723,"-1.45  +/-  0.1"
"115","Absence","Reduced Precipitation Only","Spring Recession",4.8,0.03,51.0453909390171,-1.99760976632408,"4.8  +/-  0.03"
"116","Absence","Reduced Precipitation Only","Wet Season Baseflow (Low)",0.05,0,0.972103154197959,-0.582056923004197,"0.05  +/-  0"
"117","Absence","Reduced Precipitation Only","Wet Season Baseflow (Med)",0.27,0,7.88465251345625,-0.838658057397002,"0.27  +/-  0"
"118","Absence","Small Perturbations","Dry Season Baseflow",0.05,0,2.46950952946001,-0.686520378729139,"0.05  +/-  0"
"119","Absence","Small Perturbations","Elevation",456.63,3.02,1701.23181152344,-0.138114377856255,"456.63  +/-  3.02"
"120","Absence","Small Perturbations","Fall Pulse",0.99,0.01,17.7150158221672,-5.04275453033726,"0.99  +/-  0.01"
"121","Absence","Small Perturbations","Largest Annual Storm",-3.12,0.11,36.9957014045395,-100.726368492476,"-3.12  +/-  0.11"
"122","Absence","Small Perturbations","Peak Flow: 10-Year Flood",0.41,0.31,306.036548806934,-207.941885588315,"0.41  +/-  0.31"
"123","Absence","Small Perturbations","Peak Flow: 2-Year Flood",-0.79,0.1,66.1234598345796,-71.9234835100521,"-0.79  +/-  0.1"
"124","Absence","Small Perturbations","Spring Recession",7.58,0.03,67.1464011299157,-0.54205326432181,"7.58  +/-  0.03"
"125","Absence","Small Perturbations","Wet Season Baseflow (Low)",0.09,0,1.01767426256804,-0.521329237297397,"0.09  +/-  0"
"126","Absence","Small Perturbations","Wet Season Baseflow (Med)",0.39,0,9.69610406987053,-0.810786500887513,"0.39  +/-  0"
